age_bucket,outcome,beta_log_points,se,p_value,ci95_low,ci95_high,effect_pct,nobs,clusters,periods,notes
<18 to 29,ln_parados,0.05044925618952186,0.03570718134591558,0.15769682677184094,-0.019536819248472677,0.1204353316275164,5.1743492528438795,23016,377,62,Age rows are summed into the v2 three-bucket construction before logs are computed.
<18 to 29,ln_contratos,0.11466961415050732,0.03347432259009123,0.0006134447768065445,0.04905994187392851,0.18027928642708613,12.150284768544118,22730,376,62,Age rows are summed into the v2 three-bucket construction before logs are computed.
30-39,ln_parados,0.18078619450749497,0.0351828834135127,2.7698425247826503e-07,0.11182774301701008,0.24974464599797985,19.815897893506328,23199,377,62,Age rows are summed into the v2 three-bucket construction before logs are computed.
30-39,ln_contratos,0.1260708442150225,0.030010556062842787,2.6587560464093502e-05,0.06725015433185062,0.18489153409819437,13.436252845934415,22794,377,62,Age rows are summed into the v2 three-bucket construction before logs are computed.
40 to >44,ln_parados,0.07548401655963503,0.018875742932878477,6.361181094425005e-05,0.03848756041119322,0.11248047270807685,7.840599094245482,23357,377,62,Age rows are summed into the v2 three-bucket construction before logs are computed.
40 to >44,ln_contratos,0.13433333591086064,0.030032020868150745,7.712849704111456e-06,0.07547057500928517,0.1931960968124361,14.377401706151915,22927,376,62,Age rows are summed into the v2 three-bucket construction before logs are computed.
